loc_0,loc_1,loc_2,loc_3,loc_4,loc_5,loc_6,loc_7,loc_8,loc_9
30.020873254165643,35.20663881428746,41.116122878133645,40.952793251970746,8.882783928598359,32.63129736477896,35.09487233714145,21.226766357157018,21.573315935515367,26.748331104192417
23.909444233029042,44.92084936161254,39.336687372008896,36.94958943637472,5.661244270614495,36.50252561787426,37.64003531644758,24.156737258808324,24.818181091126505,44.06053825085231
23.487760836162714,36.68832514637455,47.256113608160916,49.30771283233277,5.926697165974769,31.107162446374687,32.17844461841049,30.851976469038735,30.451723234979447,44.95261196561158
32.82688143092573,40.64987839406856,53.48563397478411,59.266916727913696,9.773934331379,44.04945451901569,39.06049638996741,36.21652254176983,34.577498449461906,31.29118994203042
27.06762908695815,32.99011947439584,46.604669442628776,65.47117824827144,1.7499675472277545,47.6369664571646,22.958212169189515,28.15792254641412,31.644699052616378,34.00700673288222
34.254926316824644,30.896891654150096,40.95019843079395,65.58558455552374,2.716339401199356,32.462120202124495,16.798025597207435,18.399571227191526,33.44988208960594,33.30975127699804
33.269795921494094,36.17622010817836,50.14952422257304,59.641654598402255,9.981758480036572,31.35431362535683,22.615276022670077,19.803123551838546,22.0948171128906,38.29463791784337
34.74623410320322,41.1895492957059,53.84170088561754,61.971673203169,9.16700740400923,31.08008734970298,27.695872312231764,8.56570745562177,10.387407353243459,25.465660697898457
39.15556170872649,33.20555720067752,49.89251292620516,68.97217322074037,6.0378389829431285,40.7903972783069,24.425351642970675,12.883269584308149,5.685862706266203,24.243288075783116
20.402249584216577,36.4529936508759,47.23631260856273,54.53211897546282,0.0,36.58636796746723,21.161550781206856,15.196432841523642,10.342015265144884,37.25117989458963
18.26606515272046,39.887136892312675,51.31383109371077,65.30003280932748,6.724636737636627,42.86803532741943,40.74795979847514,10.73701689481852,9.25921319068594,28.994079876649984
32.710338808562476,58.55950794972213,71.13090151914427,67.07279413486066,5.628626889537955,69.83143488539918,68.33559850943983,53.00692344729733,44.29358466191951,46.79081374750799
37.56387728925993,69.17271789120373,81.3388546383498,77.665401950067,7.877264852609493,86.4849104493959,90.76456663706301,68.94551669947798,43.86009477465536,47.837327084758826
36.08454989041458,61.58127371784423,89.93006354333419,72.59408666739326,16.293399687495203,73.30979266730692,69.94452712803877,52.34006594815277,31.861723485294544,61.97707026532507
35.5439141107305,42.56163014317184,77.78261811721914,61.50886138459042,10.41096093261794,54.8371282415118,49.056169760927624,41.482144034111336,22.543231709361972,37.754498699134786
34.55918013980722,52.44537379116468,68.03674196047491,53.84929538384303,10.973721635035425,58.704963079489794,46.08614013139086,31.555802495430086,30.07276030309545,37.11138716055065
50.57717979013939,48.57086732981255,66.14381345368253,78.5915366753497,30.891583521406147,68.51873897978778,55.433504027835426,56.6926772606507,25.26212026547481,38.05022852857676
43.833260484928765,46.56395433999977,60.18532150776574,73.00579462737979,37.63419121674554,61.79413059452255,57.3201167177171,32.10073435484428,25.14215381998821,29.706816238750264
35.27422575382379,41.801272970461596,65.34212561443944,55.31476359922765,29.58760081172984,53.03179762428303,50.90470276427597,39.96956938439679,28.484297473382522,41.16681090796072
29.77355642596781,39.17828905094335,62.45428577890693,54.33051534709441,15.227783682282526,50.185318936312434,50.06609823710297,57.2899045828964,42.541673645927176,31.17057417375241
25.771710378733577,38.36712382794801,67.83975170968016,67.93801166590735,9.680589948256733,49.60437567785867,36.03890149525913,53.98119894186095,30.431519845415778,30.837637198363616
18.300413825444497,17.36379593868088,39.7625260654153,70.63477004802303,0.0,26.51627738963152,43.17202930975654,60.869870330839895,14.812789561797679,20.98608656398271
45.67509958558375,20.819007266997854,48.7123591351171,77.82311363624677,6.262682107742811,36.826329033322786,49.47908612232232,48.311232699595244,18.41048310307166,27.126007540778055
38.575010106458585,30.085509866951988,56.9717081770768,70.53760041391934,10.691093774135641,38.2901818589133,47.307234805810836,36.65538016211886,22.753650382160917,27.572563048969975
60.23771140120245,42.901766426497076,57.98936246089625,63.44822230402881,25.289825700352512,51.643286673969804,58.79571789009744,29.05746028154011,35.63656348201892,39.389262750792405
43.55371012338078,39.597863661659794,49.12390685426802,50.63656641709789,17.532049203449905,39.31423463118691,49.13532108520732,34.6741655891559,8.064319065760866,30.526782572289594
47.21763955390366,38.675903178281544,37.76889165109425,55.272138737681814,31.109870709384538,30.739687946378815,57.29099113958056,33.25593887736596,13.21862776390292,24.20045606317271
61.034406151793725,47.58931934466318,61.6236806096189,68.2371597964079,30.68863983793276,55.26591753515692,62.47951181837498,44.71748522956975,15.56153485816257,30.627166376215165
62.04624108776609,35.08032322322194,64.06783263489517,60.347787507722806,34.13906071294508,57.13679875986266,71.34925629475879,45.724635233046484,4.196236422823411,29.717763307021578
45.59639742146835,45.00199173058745,59.569197397806676,46.074266920134555,16.674717780305315,46.99748011640088,47.96298801222009,30.097206308677272,9.573543706729003,35.80914072821817
26.447752614695133,47.785604213916756,59.45019009301997,51.96094356384632,29.683046598656656,30.766690698516335,43.58867275795748,36.70299076967805,1.7947972704803625,48.52681720944931
41.39620846865151,44.28998616526243,68.54861951690279,64.15906686670847,28.271094319873256,41.497389352455286,50.30885690183282,32.25619257366553,8.821674618654306,45.99113127530995
52.28479682099824,36.9927044983211,66.09499448536612,75.30539576754622,18.83589528681401,39.10674504387489,53.458205017669144,42.02140912550922,14.812365268892275,55.65548354148552
55.199783911570215,42.88513205603111,80.63269382945616,66.09096096725938,0.9022947773686081,52.974687536995226,46.704079161491954,39.29183716226744,28.995570615689722,36.134011134096255
40.07195753740475,37.048766166519876,78.945266054609,68.02990425302553,5.9534003720969695,42.13416730695592,29.42653069600437,39.930260512214325,23.778912782401203,40.26452093695239
38.777737643922976,43.366863697879445,70.58234241828306,65.2477740100742,1.669519465528646,38.26202182011102,33.02435875393874,41.84961618793046,20.611301583532665,41.33179764945584
40.23236857897486,51.053369743937324,51.17448070891415,52.19819709900129,0.0,23.32895399368935,32.80596058943036,47.21541010429921,19.997041957327692,42.056173176640975
46.84715507658341,45.51266741040011,57.80031532352279,48.5281838720426,0.0,18.92605488337074,19.73448119640984,31.052861932516898,17.84905302290833,43.85021624332782
32.7034885036997,47.92830306210941,46.50795435939396,52.343374679288885,0.0,9.58749883833882,33.7125222332878,25.294459557509807,16.579837491834454,32.265795940110294
35.518916225865176,42.541350140682596,47.81690072788148,52.10923309507514,10.609174148465055,13.406154930183131,21.90311401052606,33.01965741894524,14.709847343286672,39.688462070389136
40.30584137724847,48.4331623551695,70.07970190570501,73.03559414787237,13.343608964640927,28.93896299072007,41.81816590050542,30.219916609891506,22.268089507676184,40.99323780881583
28.917508143331354,30.6492342187501,43.03770677498322,53.35091430797055,8.06768893467543,25.521185585466554,54.36567293726605,35.20692839653537,13.814439003478766,38.921767778434315
31.511914089615203,36.34958317738336,52.69815147878977,51.31197672566843,18.189896485045775,23.755956562281096,53.59262535623323,57.475091273809426,19.10461154468416,50.31730163242301
31.976741100353763,33.00761833796535,43.7796706369451,38.35730209513346,17.997667717536586,14.45482071590991,50.04926033717173,52.330665512372235,21.543664471872738,38.75140909645033
35.04379439177776,45.62956193287841,34.53521778378229,42.04216707570179,1.2985866477240506,14.48997952070673,63.23577760543664,57.26060358742819,18.111028445805015,27.299590939370145
17.251396761841328,53.60708726555788,27.383055535637915,25.851520072450498,0.9980951194663579,0.0,41.11213466901486,36.00232756218756,11.817588160706915,24.469374932839973
28.36460332494736,44.23783045138701,40.79910005907279,45.439433325892125,0.0,0.0,52.46437719172003,32.312904474578,27.137889959733407,22.94176664496209
30.195148854055766,44.6482929566891,53.97486842043501,41.59062809994168,0.0,4.78753971223265,51.64112990138867,16.520639548549916,32.14150619424294,20.33771013587006
22.884694817349715,44.27531308872864,49.91667945342964,46.25766594539263,4.575984106172101,25.90498099944637,57.30740556875477,29.19645927315107,36.14984805472678,22.696937128743834
35.466459271087764,48.59407010381439,57.5196040549764,52.00032960156249,24.814686439990773,33.03203153936024,53.59714814899347,25.88850876763028,25.87955134286249,17.26258229218657
34.9829190186898,48.30656784639749,55.21006336679939,43.989467483829706,27.538533108900616,41.219735236723444,48.68643551788034,20.843013933853022,29.043726134700474,22.201426689077223
37.14247525606649,48.90671650767417,48.44225041581991,48.36087605325187,10.317143125623117,55.18588394072855,59.23541684406545,23.04592866327623,30.194710505529045,5.714978321971731
34.95986170440391,37.1934894803823,54.856045441366064,64.75882922826642,0.0,44.939203375448415,56.61626117525636,38.146462640676305,17.500110404614958,14.695995432938812
31.368990875388793,34.38665988241477,59.74269432677622,64.52940265630026,14.271992496631054,56.81397756483598,47.244564456670744,49.235514300207676,19.32560609263559,37.06066368030815
31.344546871950552,42.537328705188465,67.00290568609756,66.75503206651257,0.03519432137970213,61.41713092982782,40.82374512018708,49.03499908510948,9.612670653140864,41.384807992747675
24.036589688376495,48.47035577416432,65.82386677823902,57.7599442885747,14.9629373176265,54.338268874604594,43.09435915124796,47.19982813068344,8.447232651258695,43.319769392095075
25.37614626501178,57.826301959853964,53.688450408966325,35.87906767169264,27.08000738707642,73.17376321150007,40.52266075154192,27.023919731177678,10.180495196608302,38.15717282419175
24.351859057539865,60.75395622071548,61.99847825495211,31.272058302655505,29.751474454809152,87.13323246647496,47.21537926214024,29.581093319753855,14.425099302127895,44.6019757205819
41.17333608803395,58.80562572805352,86.68168314094504,45.17338136890271,40.538539517845166,79.89402251077898,62.34475770439813,43.95454541642762,12.62780501899681,49.690848981438855
45.37686149915103,45.33337902664679,84.5085405938161,45.875230016117285,33.01283611236428,77.72067974158223,50.50319069498061,34.33734699419388,23.579493417785073,46.17068222183247
76.47786468075202,62.767000136048615,98.11686927897081,60.02715808869424,39.97875001792226,100.0,94.38612839102093,63.44505501528803,34.137604025726986,57.74271058035635
73.43361460805319,68.91791617155575,82.96258129654944,55.5877715569437,29.511148742674763,95.72494707023617,94.92138461968642,52.66990463134347,29.437616394702946,55.22177196899065
79.36120362978723,47.50032497984493,75.51949773667958,54.41414686602435,7.520880448518204,82.44575440085632,80.67513066113818,52.54138688978032,39.7756001505177,51.98853510605415
63.37573927893527,51.173057250761126,56.08157779416182,41.44691956782142,11.10133037894974,64.88365095126696,71.57336930980985,41.956298340310894,39.047680987288494,34.79502930530019
66.2957416112161,45.89631184763605,54.16377042706467,59.89506190588522,11.937786703903964,64.26098259982358,74.38396354074766,59.65407997032076,20.13477783081725,29.57727718940546
71.47215239912069,46.995337598247524,60.48315994662536,48.07028190117844,2.041788111585241,63.25707632135207,67.05739545335064,56.73604962536549,19.354725801235382,32.89188457125334
78.96849670185065,58.8101163631134,55.403167744242396,39.19684587483986,16.332970425461404,79.72002225051898,62.176388564387,44.236339317686024,25.31463580399267,47.45659378247403
77.652640469383,55.25846166489796,52.6387648298999,47.4484929912571,15.857900313957902,67.45718328160365,79.58021487870745,60.74838404672683,37.94928383606657,40.24262296919759
77.89266251642458,59.144849457045794,68.65219895547654,58.61230346949555,23.349350771797532,72.7325932331034,78.13634579695687,43.30778716161574,37.62795789639239,37.789699974973
76.11831418280967,64.69020920857108,69.84639360711867,53.551719085442905,28.6523954795963,59.187950736303364,65.49191691652027,25.795343563987693,34.57680926869197,33.13916015938749
75.53193689645505,63.64444879225398,90.64333258786357,69.04900665769787,26.065221939947044,69.48802704372936,69.90419943761377,35.75854209035566,25.331731800725674,38.13697280051244
60.87302436327393,65.16000452941714,89.23724614736443,54.104949275472734,22.22508429384455,77.73669704475648,77.2199674445261,48.71199539107815,26.908144539413065,33.31913949756651
61.5595061581491,63.72835655880497,93.55569153201402,65.38707742183979,18.481580159406306,62.891855678995974,69.15960815516725,49.383847735540236,25.098096494008445,30.61013670987008
50.03306503491673,51.628756779613546,83.01922978909238,56.60359997372335,18.490353179322987,58.38594621924883,51.65561877506125,39.00625286760985,36.71876299253602,21.012537989864082
30.567948952891552,47.385715273820466,73.43652775465861,52.4594426786781,24.493930006463987,31.461453436670652,51.77408735475132,48.527749163823586,21.947872554743885,19.640830700258824
22.20515271239734,40.41947272696801,75.38967111293287,63.6088721676799,16.44093523145146,46.75687793091924,46.58292815100743,54.57438370869562,20.17223193990962,21.85833156525829
62.44693171774115,53.931070483613084,72.67712657663894,76.16711433047601,15.319913968604029,52.823414421914315,62.49833471212863,57.39732669303748,27.2441431524031,31.40601221676972
58.163144686648096,33.65967871426297,70.7071659305982,59.400474472026275,2.280254577185884,48.14291624943805,56.789836836867885,42.825984670488936,33.24868762496356,20.002160363690596
50.387740726625395,36.800293958190586,70.13605387185623,50.418731716755914,11.309805065173945,50.374483577240255,39.93966037585857,25.588972111139235,31.256041262518643,23.219938122091826
51.12727010165394,42.58628586905169,77.10378018104826,44.72598091789895,2.9320036051892178,44.426756075726566,47.55785354773989,41.42012663447914,27.20520298723362,7.9652468694794365
41.60482343573515,37.34825604541322,67.39010270049815,46.84538505069037,1.5721787440931791,54.18327156118298,41.68387460579428,31.97751729432209,29.32650110234393,2.02861614418984
32.09234833932329,30.991129156272777,65.39970573843051,33.52227534895461,18.77239219283764,37.615234420542265,22.25976679556117,22.335271137207013,16.108861763884068,0.0
37.94914111756275,28.412716666531136,68.72334609797257,46.913307979050664,28.799004270418706,42.71440435772942,38.953756378196765,8.329617441895028,15.973694944278643,0.3583360906945998
32.94876286082729,30.277380736895452,78.65781328784632,45.646980189433336,27.35457564687774,40.282096636258444,40.42146544414881,13.957925035692016,22.020941311218834,18.741854475190834
41.49683168050598,41.73310256200778,65.84201421544185,50.04586059558274,33.50513022390481,53.07603653005367,47.42588692406698,30.189003644818367,29.66355462366037,36.165296460594405
31.659474754237348,40.37225152379385,30.65412649844803,47.2972341773932,0.0,28.59062305044506,44.07922560031045,27.896604092022123,16.7465275757949,25.281643652340332
48.365784258234484,72.04825914004644,56.40132692803999,68.55594275752149,20.436872840931052,55.942324495580046,54.19011419828449,46.52788938772048,26.261466857718922,29.206271093451484
31.64172309720628,65.66621631196794,46.51878514086134,53.43619022311126,14.401803258040548,44.764185735708615,48.56127639342331,25.663593145182542,14.23705909536521,33.88317312414911
33.54307102587414,69.93326562871962,64.15991718077855,50.22362294590688,18.79082103460087,64.4996801639009,61.76988280412914,43.89872564186087,9.21565897323379,43.91842194656194
28.948076333295056,67.53413920271667,70.3902867586056,62.79165411879286,26.748489360982802,55.20868604585934,57.591758931142614,44.285287875725054,13.56277870628145,40.32603869729327
37.6808813747586,58.69908762170573,68.36426121969177,70.23040750618598,25.266851022207668,62.23309354710772,65.6544664231779,43.74835415426795,25.826720454250555,45.99687890967272
47.748909064835374,47.64327166796255,47.48963978355203,53.53329238022866,11.258705748090149,55.03556457914288,55.09444101313872,34.964389040621164,28.84691851612217,43.102533918481605
49.24569323675939,51.42082090970198,31.573065005712994,49.861002648337816,0.0,52.6778366367754,52.492964583942026,42.86844912313197,37.95519810041183,42.39588122837024
52.5320262536361,45.38019843639212,39.34331054096802,59.76941318854193,0.0,59.46318392358479,57.81204455146022,33.63459116132025,42.62551738242502,46.71831581596608
50.12029811823858,42.20814915976395,46.45130730361831,68.40340455316054,0.0,67.81863212612014,51.24722294238793,38.791843469205716,41.25378970829353,68.2469264898543
59.049175296147766,42.47621187296331,51.09328277561888,63.760671385521306,1.287373539623081,59.917575162262516,61.07939729666426,32.532389705674916,44.803105386459116,52.335672354993044
50.53478855831999,49.78184584799247,69.46185812934728,64.55032872740183,4.3802990544956,53.283812542795516,60.27510022398606,24.77795123321402,33.637562135267814,52.7244434922229
84.07952834685055,52.02346741323277,90.6851351949334,74.8995151512271,10.540441039672382,70.07437384789611,69.60673381641075,40.92986639470444,33.527518152008206,45.230311864395176
98.213363973881,60.145016671750064,97.95439545205633,87.33293322169435,22.768055065509664,90.21577600558017,78.05127680795559,69.73845777453107,50.24390772707877,59.56429160501523
100.0,74.49967117531945,100.0,95.54859687441957,29.485569833467498,85.85925907503297,89.12375174091119,62.6591417939339,42.512349260413714,73.33750853970002
100.0,65.882352794709,85.25572795370488,84.32052132856819,27.304164188435223,79.17972803416048,89.76745084991678,54.60332150430648,42.490149341166976,56.811188627785974
88.0534624844572,54.348450945026975,75.931835987576,74.97562743950938,21.747955661233217,86.26256319828158,78.22892327275869,47.92752106554088,21.26354159586961,44.302180060882456
81.28588841192648,70.31883035709136,81.29903334219149,90.0579977651138,23.15884996436488,89.8667994111183,80.36971289148417,55.82587574560887,40.5990455220978,30.288070675709147
64.55504557306145,61.15415652096659,78.26646754328277,81.97766360315616,14.916714156539175,85.32766000071678,78.26764888503097,49.83225845011504,42.32459626610851,32.152154247359476
74.78464733971482,63.90265104840967,83.27418143329135,95.65061774634015,0.0,76.00379933769152,70.29830783128871,53.1286557618162,38.843349758531176,27.445461880354326
62.16981112650024,80.42294902625537,94.11683145632145,83.32694286326955,0.0,63.08226580623531,51.59212073505695,50.36898805671638,27.386343887086678,30.877517554884374
63.044961085392266,79.00355746116327,100.0,89.68349674074747,0.0,81.51355811713177,56.29767528279031,63.843919611246655,29.963946066556787,28.56261631397034
61.43818069533101,74.72754844755535,87.4241057260264,92.9362908872448,7.823210010108323,71.34590995823696,61.11771219399394,72.5832359801312,45.16841927760099,20.8756031695065
77.69935432340732,62.96108016032457,77.4925500098376,86.0577133213236,14.783884412848634,75.2817134925671,61.04838715587629,65.57651575002531,36.33834618408014,23.460097754054903
73.03302388586809,67.60703859616648,69.7736392566422,77.85332455842098,11.142229629799017,48.31935977920368,48.56513206182893,44.449449329034756,17.625774669830168,19.61829486730188
76.24310679260462,80.09582884374683,81.96481027912387,88.53202102533135,9.07861012006713,66.72914156861422,66.25976994408936,48.97029223334803,29.857074656776497,37.347652492687224
51.06664513900466,55.551323849240354,68.09994753825323,75.1401923814759,1.0748946412741773,53.99141064531192,59.33207974715948,43.33768656935999,38.89907253855323,42.73104800242767
65.59522492586999,49.33273815859448,76.34797497236455,72.02734050981213,1.0168720160739753,41.14198317931309,57.524636514881635,30.84410702144424,43.47778285311695,54.75889318620992
66.54737779974799,44.60176367394571,70.50771784958228,77.41744911509535,4.8396706187900875,63.482761500310204,55.549907397778895,44.94670728817818,40.41250937599327,58.82977979268703
62.25633454317337,45.0201849324862,62.30181172783002,78.49358796573043,12.94416362186543,67.50872922340432,68.7896451194311,56.721867580606215,33.86893538076883,57.016715481463294
54.91045834197507,38.03000354888872,71.44885981799223,72.30093785885616,9.929819932560646,69.56411566710669,42.86188215617164,31.641588014355413,37.01148638056934,49.78551942669279
51.84688075070826,46.98503616419049,95.6461627687543,84.08568677000036,15.899113265522484,73.43791462438318,52.10984980893448,26.170277807390306,40.17846865304915,60.434402495701505
36.308238932162,30.829039500763702,68.2672556541867,68.64673149519876,0.0,62.7302879721106,49.648095762677755,18.72771274266709,11.790763839018876,39.45302299764051
16.120895540923627,32.71040992429743,55.71018940628501,71.86039715470267,0.0,62.80215466224388,54.757337499178725,39.196315070057516,15.437843412199769,42.57009395450928
32.41043958896571,28.175639687466102,49.91772168541678,65.23301242052995,0.0,59.700404844784735,59.74837917883838,39.1944617481734,3.682651572604783,38.22313216250983
26.644551860897216,28.467959805279232,65.94999876944057,70.3656471721954,0.0,79.87196019445169,67.03093610991932,50.154497612313264,35.33305433302002,40.56452189388518
26.306451898355682,30.459193908456815,49.49216011179236,49.06703397821932,18.969543047732586,63.746664047771716,47.261188344685934,44.76125963474572,28.25302831716944,31.034214105395023
20.968507447156657,37.78965835247693,67.58082503410597,54.676972026409715,14.863251610232966,55.881067778295346,44.72018517255947,40.421188793286134,25.211156847280353,40.53886389865122
28.71165877689096,31.920033107991216,61.38967467564375,39.574300504683535,22.081140184649684,57.8041612526482,48.037346590865546,20.602907859746843,28.962837781648663,38.0221540273038
35.76870720766709,39.72680162622387,67.96590069891893,47.62744144940743,21.55965313079813,71.65104355854656,61.32850338798485,4.067938834531148,25.340019243821473,37.47940731707884
35.317828091383284,48.29376078213322,52.06262123789153,48.720375201662996,9.042738003099343,56.07459452609279,66.54713744363792,4.7967475541788716,26.802653486361883,18.535539597383167
51.1074048309653,52.03452643212756,66.8985641801905,46.40400572460886,24.220360657079823,61.150943710592855,68.21267361781702,17.742031659062413,26.32132591933155,35.61025348243119
49.29794304484367,46.5028733035733,62.49004672347545,40.24399111446483,38.18204323947535,38.573952471243274,68.09333067797004,28.7152656175206,17.70575742051544,50.79878127837025
62.806859849763775,51.18304068844759,66.40870234707687,48.839946630286825,37.46158848123449,61.33733525656069,71.10366991962421,30.074216053953947,30.190845614232252,59.40591636151137
59.20238984647192,44.35794191390148,50.93374344802476,38.971474894601435,16.315436336811516,54.38167891130402,59.759823054703155,23.351430689129344,3.6678852811782505,39.819045182353705
47.14594157436835,46.31904542173583,38.3122814748719,53.01904977780433,14.51331236493465,52.34263600551942,73.69562387821838,36.91053558752215,7.623278004391128,32.79719584285933
48.90679176533381,43.744869684893644,38.40314114403168,63.90003998008045,12.44140597807062,68.74051522461761,65.94128815341087,49.65616984878064,15.027765950703218,40.50655212231554
38.35195206408336,46.03312783611718,49.363170942363126,59.39195213558769,0.7411843127635969,49.7260287239708,47.260702655636976,28.904744704656814,17.793261371786645,46.86694347880953
14.160743464331954,39.3264635185933,42.27284496179915,68.64144145517675,0.0,37.901008795858935,54.83710348161915,27.27242381707223,22.402552947140883,40.04698612286569
38.450742093622964,40.487651048337895,63.742643992448066,61.94466328106068,2.4549263161170867,53.97585300233665,57.46239716647142,38.96980419794674,21.94171188125704,36.6210469330661
26.332628741662703,41.113019154065924,47.252473292733846,61.34126478375394,0.0,42.65068703145964,45.40858219823161,44.33037583278005,24.062510169697582,31.538089493505208
16.622562526015777,43.73200254789824,69.25573847972989,62.94094238401037,1.2330196643356075,52.297804677812714,56.53214819604148,28.100228078851345,12.177478612386798,36.63605578043657
35.67034583314251,41.3728366698172,50.281927105682044,50.32986030935707,0.0,50.39128205999863,53.34848771127234,27.176851353463753,24.68474079841533,46.47569596342572
24.897363460561884,50.271823829930625,61.513878374703275,58.05300860964894,0.0,46.01855009761225,73.19960214563213,26.1452965565526,32.80183630783017,32.61960598662862
32.3839417775936,39.21195070435079,55.80464522926111,49.14873778532941,0.0,45.974975996780955,54.15397407953085,3.4882703877945005,20.004398527881158,30.78795805592621
32.343486709851206,41.24438370764286,61.58232901860249,56.39803104012406,0.0,53.29283367192058,56.20279374155165,28.576410747551485,32.164629602053225,37.747526246473285
41.85295248103871,38.58423301069173,56.1834789602775,52.5646819767214,0.0,48.82597762796978,60.512295920431654,41.672134745368155,18.871683932519684,40.76950743736888
50.25240120786228,43.31246764360941,49.61664323286956,47.051544127517936,2.341667554561738,63.5576375746288,43.85372998647385,47.807026022753654,32.36534211273231,41.46574827266565
38.41564835558095,40.053383132765184,33.38436300863529,25.68006337555106,12.33295114860442,46.180994503234196,37.29004909751874,28.52838215965196,18.010545849259998,35.89274398167666
48.51610077469503,48.29172333229859,48.40495597444886,40.4612047168326,26.695888703859374,44.973194604778584,45.413505853102045,45.30181563469439,32.098411173024736,27.546751474614656
65.21408880102899,55.7325371362903,59.56936515595268,48.58842961568806,21.58736863327552,56.79845498597952,50.93921874565642,48.98908111189502,33.23353166488622,28.747041944966472
100.0,49.39626588149841,79.8241032625759,59.58859837290986,29.819369400363883,75.56654404727401,73.54015402413808,72.18665199570347,39.272444848363975,51.892517545310724
100.0,60.81661217141202,99.9798947449621,62.60256927375433,21.33939407244524,89.56120656779629,82.44206185815484,80.64760209309681,48.32957278036591,42.81411027231715
100.0,58.99462975910843,82.10107516366855,70.0350273207325,1.8538988603613866,90.79328198200504,66.74705626705502,74.57537779955352,44.12100466587907,55.12407826357345
75.19958395283416,48.15123576649583,81.30704022149555,66.42528080227157,0.5177846604378793,72.7490999438991,45.044817624342535,62.97993059872832,23.151113420426455,53.40697655751365
92.48670219816937,42.223301560068826,80.26153454186887,83.58418408381932,16.006567626728845,68.00391762760026,54.17823893760284,61.62592347595577,28.679652664817077,47.07595311816963
68.27108925484443,45.62789454911444,80.07843610818172,75.74547357016162,2.6044631311628237,74.11247266961205,58.25434461179547,50.88150893505796,26.544895472225924,33.302569042296234
69.57069908796835,63.30981047164874,81.85742160890435,86.38016909417708,4.162478375542463,84.62645010348915,66.82755234197319,66.4729469413932,25.591248548107423,29.110386817129708
50.958989827816396,42.448648077814404,70.58269338694583,66.7783712708158,22.94930781873142,52.27116094624664,56.505445491121236,41.3195739701014,18.165065442356923,26.939454884173383
50.17824427358991,57.23280017921224,62.22298962815756,64.35101989182365,26.454656245737812,49.772291399920185,48.75108236135311,20.070969876498516,23.595740179011454,27.09551673008164
53.338842795313816,50.9350596080695,60.47404232403889,69.87150096304734,12.01373243152737,63.23406661759336,41.00930054828855,22.78248158990481,40.78945288701699,41.12305396708439
51.4308227157588,50.39060005924898,69.11035340343074,73.53221898935482,14.339975464895431,69.31461877143843,49.82026579050467,22.971396472670865,35.513437547476116,53.04141660636772
44.32431859000992,39.07903061410001,62.834792279673145,61.48353298141168,23.99116793273174,64.13191858542434,35.276419651808,28.516368749766354,24.239900172994,40.65216519041422
46.94429461911202,52.578541455562615,61.92209890001615,60.50986780173842,17.940772734720635,63.42705971746663,54.87383138347513,42.49314280340965,41.59595121325578,62.83210402281705
49.55459168853682,42.021123032897144,57.122531142703274,55.96506369990667,7.884492892865575,54.51648671789345,54.80448306112781,33.341704620848766,44.45315214339743,49.266533418778884
48.12616670989553,47.04193033415943,50.06624792439406,73.31540879050908,22.273429558032007,59.4850313179164,45.86671635775862,39.51767318364475,33.76990718645865,61.43768362548694
57.36911229704528,32.86172441949533,54.02193874691005,82.49537809969058,33.47383953861025,77.21426410687522,43.04580888476514,50.566427229299904,44.10196256746434,47.438276789359314
61.45512275998093,37.29258127935312,45.38275772526295,76.91347598586205,26.83342129918684,74.92170895560321,45.515530333376546,48.2828065875224,40.74327173205654,51.676189144436634
46.473783807459775,35.49742876058914,25.303953561582524,68.18427322003144,20.66837277732364,60.124838979355076,47.78214148235885,21.73605290339291,17.835363304562964,44.957802660367356
52.04257173451907,37.386506293266784,44.74549759310957,76.36029528015857,24.101601202012862,60.82901646990091,35.45382438320344,36.830737779397225,32.017658017631774,51.08399788286451
48.25735495670607,41.40913196121889,53.25033926122352,56.17134147292249,16.212286902025518,55.496143290091496,32.66383401745607,20.004562730639417,30.695077870776988,46.54767823061435
56.1272953320795,44.94657544636034,74.18455589506229,54.765403505575634,12.862351209766016,62.5999483868892,51.630271917903166,19.2593039344779,21.24384605784214,31.69438894494337
40.8583518773449,39.9051333005031,71.79089809528114,46.78477051570786,14.091331699169812,53.2770269222933,53.831567454661666,25.043828389478413,16.087343469821278,29.79521694591466
50.40073581117727,33.64325471514344,78.63394210547135,44.88484254266043,28.125275145428088,66.92450051871293,60.202376440694714,34.69724082867078,19.980992425720377,41.25310484249666
43.37256701641265,38.972830633552235,59.972725058433056,35.63546156739733,11.519475780571796,44.67706516690599,34.81812181842561,33.65679238935313,33.9493568647264,46.627437383856396
53.12979580906426,53.94501040970667,59.23358435747308,44.725065533620075,0.0,52.95845856277928,33.47762174544786,39.44549579223765,18.83877457212381,49.927839591229365
37.454178019265385,37.928663056586544,33.25856929396508,39.04836250941918,0.0,30.89273175710578,35.00058600296916,27.845552768785733,10.603023301216684,37.437195343440834
49.06188317903112,42.29895217707003,49.911686010422024,38.113542946923694,2.2143564967725933,42.80234268903293,39.74888791603623,38.38645797100994,11.114349469716602,44.95390535501551
23.82672694710094,53.18125845470273,26.768471080243796,37.76129100404253,14.354759863589072,42.27142125288279,30.495693300372402,28.80076922821715,24.45015306818092,27.031324395209257
25.9620982413767,39.33392510530879,26.772278125608405,31.142683352219187,21.22795414191686,46.37172541701052,18.430184845888988,24.192233075452823,17.72876180257704,38.68923717522689
41.53786826510368,38.103567975763866,22.59757115387795,29.238944739030142,10.342813165672263,33.74098036812161,25.015877532873027,14.41487310188801,0.07311974620175832,32.439913748969175
40.40586713305597,34.50167961638172,29.79669236320672,56.55999550740483,11.43933893234284,45.930485101017204,21.323299042306573,19.35661167971959,9.275663954625852,27.224104421754724
32.22793081258356,35.80770000980438,33.09848032849851,57.95080334353999,7.669974559778347,45.364177578887656,27.856712552262714,18.526301854118067,19.09535834849863,32.58035299938279
32.28862116287584,44.990395001701984,38.00414800901616,54.55641734139478,10.121832332302535,60.95564097017275,22.980917814498,29.940840979054645,5.528776961792513,35.5585346536359
36.61915799181402,44.94294621210521,35.07484230401262,52.009965032080586,9.338246352372389,47.234519421319796,24.91351617824762,30.0528793867163,5.288214043013944,27.692539981684746
42.96969076090382,49.43060275487287,44.22058611964118,61.34540854714576,10.31371858961421,52.71613123226278,35.15725220613463,31.873117336444036,6.063731329163872,48.52069183776631
31.564081640331487,47.342378348692,43.01478860810317,41.87704263195731,18.097854883650573,43.69201147049909,23.701439739093576,36.4291034458228,14.422476370529779,30.252249123202727
54.70761346413941,56.597177772925036,75.1231442038024,59.8310289295049,22.47737175538828,56.506050169006016,49.6247157113333,54.436138959247835,24.284021500271145,35.660315103542914
43.17609687590616,36.96394067926468,49.0273255424824,55.502750597933606,0.0,46.61973376206887,37.61520731276065,51.863017976698224,18.150198825063228,35.953613046368915
48.13098269181147,47.48424536148026,51.386530158022715,66.73264837056834,0.0,54.50933620842652,52.13100049372219,56.54137277898595,37.29899884190242,32.076833290556756
36.56066488264464,50.06072111683878,54.6479309773985,61.81579515878144,0.0,57.153736594119756,38.911477305785205,58.00349522943043,55.99275251478249,34.208006791103784
28.792552190214128,29.949357949205,43.79146749380201,45.27590138624083,0.0,62.14097720991109,38.271903645228676,48.953125248491745,43.63304731804035,29.67749177435332
32.58856339425354,38.67885399615814,45.355865778575755,44.760907316904714,0.0,41.75411109823845,38.9062146233711,45.40721481922272,28.899802415247695,31.47013201114483
34.56033329989941,43.72435223893989,69.80917577561486,65.83107873252287,0.0,65.20448762707827,66.54958341897151,65.83420480889689,33.21430850810217,40.10176957840247
50.420543655157104,51.450769525377844,81.44620582719104,72.12916346017721,1.8758623442380156,72.99626048975877,77.31174877823656,73.98033340384083,27.380546112678132,30.071214669101792
57.75951595139919,40.60339952806551,75.94907053070453,80.01456955077984,6.268120529411114,70.22264734918538,87.88786530504471,61.586923893224316,24.205886909214556,38.87320865005191
66.23079607965404,54.81363245295882,80.96872756649324,84.3554575634742,8.98082147121678,74.72502714712137,85.97752648164743,64.34098167487276,34.381630188343294,48.3903138285894
57.39634611079902,55.18675584693394,78.2540598123999,81.18063061458585,29.734927689128458,68.22327082161344,83.11537633451513,69.19802188318751,34.412315585930344,67.06013839736842
83.81336689608037,63.58016572037986,99.08052341274305,100.0,40.37048372242783,98.80322869843772,100.0,86.77325634643441,38.64037276933989,99.09947500685712
72.70020912490547,56.604264771847795,85.75886341786479,100.0,31.97055326626577,93.1461753376008,99.04922221720338,84.48356544626874,30.61205041272957,76.76597546765899
77.72886909878562,61.39553622455361,79.57829675915671,100.0,23.296339427074162,86.29117489483447,85.19255940685358,89.6847801208935,37.664237524496244,75.93341992886673
98.06611382022228,47.35517817452307,73.89759590625427,88.77763538706553,16.55796937663552,74.60032682451399,79.00732146613711,70.99931128843414,40.56773755275323,70.12003205244605
96.87311251305513,58.17393288651637,76.40990197745666,100.0,21.026778581666004,63.77185795414748,71.91380108076811,56.490068793118716,40.52018921106632,66.3542455087381
100.0,60.939837408728,80.55916745735176,86.51469332904034,11.252684534236996,64.32328805137686,70.27951148532355,38.70928323537542,35.885455237761505,60.13009171298734
86.9263679613477,56.922201573655464,80.79107370135318,85.29194575270704,19.060770764555105,78.54552839771405,69.55049482032474,41.90093196178547,39.37899345965533,63.62387662501142
85.71290594885289,64.16702008099885,89.29536992528551,95.0906441066846,11.225432005646422,75.76927560793422,68.06661481179567,43.59167986575373,31.503463897013322,46.339093183282934
74.10507264701738,63.6428592971797,80.45434352685302,80.38581090746544,15.814593827804009,77.36521722294711,73.83265706076136,65.8717115880752,34.674744846428204,51.857884157437546
59.15223292213285,73.62158508976586,70.63971625223428,68.01722466260185,15.127811988186576,74.04234598836297,63.43404237463081,58.997321253963605,43.072879091809924,43.12211078739144
61.389384084764984,68.06138426212343,60.21266096115196,49.61675627138503,6.829632202962111,65.48081886744016,67.68145530191755,42.50124206500452,36.111688769663054,45.296186500704046
69.23472391893533,53.41017822874879,66.63831068312656,56.452449362539795,16.840550532563345,71.17666100134787,46.83305438618433,38.2692112105245,34.030572081913704,42.94603059647222
74.52300814996507,59.98583422954897,68.24319096799371,45.875368943771065,14.2980490519552,75.43283046531064,44.15016552807495,48.57008845495872,41.82117755005343,46.20712033542183
53.13575063788534,68.42870753244388,58.24073595066417,29.306167764165508,20.86573691699728,66.32152433842181,52.324198375005075,44.91456144418812,38.00105317645704,43.60710310584498
68.90241038393553,69.70368271190003,43.99808384498603,39.469783935452085,28.615116296270443,70.75542928255851,47.34398881909733,51.351685588355195,42.82517327090544,62.73754366007256
65.31527938884558,64.79189030605619,51.69810017957586,43.05666107966519,3.1840435950928114,70.5195343334448,58.30332268393347,50.48604406884677,56.24802587999103,60.19494425551247
69.17900113254268,71.54796231498352,63.48212264788937,64.59925450222882,9.972351065952434,77.63132096211163,66.2894978381355,51.61569388338245,54.96048549660307,77.62966528555013
72.38768742063682,78.73370967776398,78.29927721699524,67.92333326251847,0.0,82.26198129941548,49.76106664768787,66.1023303128478,50.50055341226536,78.73830867506803
50.5449336526215,70.20836787805875,70.81089614197472,58.856303270465396,0.0,94.9251013653559,55.36317864720723,65.12427140316018,49.63103757606119,77.96837675824341
29.087055136342677,59.61440683448123,70.62095241567101,46.9868683467171,0.04615105923936014,73.35362358247511,63.371389037965486,60.330967539641534,47.4511716936487,69.55112941969483
28.564268108787672,41.364909084366346,41.656894238225775,44.30423081416285,4.412872581528331,69.0499124348948,66.06143694057644,59.91839768242994,31.083525847915663,53.01154594108327
53.42867859168601,54.41036041839264,54.53048726564461,43.45097591075684,0.0,69.48983626136437,51.76870873714538,50.666666548294785,29.084233149709334,61.394508391161494
25.910919294989874,52.531116709082,44.172688410614526,42.33957298847456,1.125700935650702,56.04398699624983,52.849237385945955,28.95136071003235,22.140533263621162,56.67255763476038
13.946075005060987,53.072795240502145,52.87586027798444,41.69380061354449,0.0,55.7114930831327,34.32750605358723,29.54294760913283,14.204455343773509,38.576896105337326
21.036449408078692,45.2680825435868,58.95601106325339,41.541535279727015,1.8529742462989507,56.63047248720676,32.81850860940331,24.21557811021166,3.703177382785718,40.24881137537057
6.653846949175893,39.66715636179056,49.49994033446481,56.88159892104258,0.0,41.35617051535053,45.31365829017914,37.35723826246729,3.197391571801809,32.92482743545839
0.0,22.28475859359692,43.11581432405681,63.89781565851304,0.0,37.76151107044854,50.33967999344284,48.71755473742797,3.551281170059063,30.287856951182132
0.0,40.02213705231664,41.899039511079216,65.26184035268662,0.0,36.76444874543694,45.20784087208282,50.70014556786971,20.864886706668777,33.90394010915107
11.674285352334437,30.800516422664764,48.00635417002485,65.42229435809541,23.092100826710027,32.71944780425136,38.786277245198804,49.008010007072414,27.963844072818695,27.63844961949743
23.499888779078255,26.48167259226151,45.12841200635222,61.314487416090834,27.692724431094348,30.46321211609038,24.694618590400854,27.62604903362817,16.195647979954252,17.85261175928968
22.67141506263937,27.7910852735138,45.41227857674681,58.57651661320393,35.46978734298206,45.2263030432367,34.8220107203904,29.289474448013635,16.47866596715345,27.81778350200965
19.725245724400413,32.07121418523008,30.06149415798769,57.757489062455804,35.613380689434194,42.24640580264369,52.39976992185386,22.26772323345132,21.04919669956348,29.144751771248124
21.178622927886625,33.47233687261483,39.65465483627622,63.989656966187184,27.87257963305611,45.73968108745625,41.27155362537293,27.822248928546625,14.644457624191174,37.12665716195363
29.085361145896066,21.023109836098342,42.28596585388572,73.88312490761427,31.047503979608557,51.31662852049877,54.27660789502406,36.46733367585266,30.69908104404199,47.06415181822113
31.45682920436477,32.5613637635091,38.32385452293687,59.04539230205858,40.00172139337757,46.450416261868384,54.74019017609454,32.331715646534725,24.244039011788207,41.514819765540196
41.96758704465053,23.937093346683042,44.03378768406545,74.68961592752926,32.732694925635315,34.93465032798534,71.1572186233256,41.242061865517336,26.28478233483365,39.149962699453745
35.693546065894864,38.07549070154768,49.270611486462776,68.80483762875531,28.6770276659146,34.4357465542645,71.25770691230372,30.037069358419323,12.978086159585418,42.248112580142845
45.89281904114887,46.07854314295048,52.75422423265311,74.790371801428,25.74233102934948,39.1516024485365,66.27780910972858,52.18276047791625,4.262385769593408,47.55761805808697
42.59013610922555,40.080067530038185,34.64405097344786,70.24857589835499,17.065308215667436,22.84779511514678,66.47250825800324,57.46969638908995,20.761373824309864,45.37948605890929
61.8658266094932,60.45476919859495,58.64878360958857,65.1598717702783,20.16577852303554,43.431830578024105,54.380449098398536,63.158639637095206,43.91616234546589,53.41798545806148
52.982672728365955,52.42891264468976,55.12842370385319,50.413773222652836,9.846152581529005,48.721494483808776,58.893489457486886,41.70137415594567,46.36101406607243,44.84170905385623
59.04884946045308,61.71760503717334,61.28631414581958,67.47569517684732,15.14077624157246,59.753926862678824,53.92127388489129,62.6110860015835,46.595170527488236,51.65595961723977
48.04675320529322,66.44458532499426,62.449951981963395,47.691052738089454,21.813603305387286,52.805557686985246,64.1735343001385,54.299327607411634,41.32471716908827,56.41378929803276
47.83375072685973,64.31301239518514,77.57577918909394,46.744873036738994,7.695730213004799,69.90560439412104,63.90613234754287,55.01393715470679,24.222563814329924,50.897472864886545
52.31280081979559,50.95358023542457,82.99854165845454,41.096348480827515,2.9257677962942505,74.31875132139297,59.33716947002254,42.782745121739076,22.805781282908985,56.51452879986907
59.59505006796257,60.22021545690868,93.87510456468246,51.74981726864485,11.728304743618171,86.73184410221928,82.01833520503575,67.23700054127892,27.96645473868886,60.652043112151105
46.471782325272066,58.364964070574096,78.30089918918188,40.77161623090775,3.5910053155546056,83.37690030875603,67.59396268402327,67.9063310165973,22.472304887806622,53.838064943281935
42.73781416918765,43.55988236949191,88.71237068633995,43.08884427070811,9.968165847322005,75.28923480549268,70.24283882995962,56.67302463845026,26.02635786687287,57.423802763182216
49.96338168812408,48.87482462909881,81.67328368484904,54.18947435471631,14.95036290945436,80.25744899827752,74.50169686169444,63.377995709988696,24.272927844580543,65.28407607893605
74.37485059261189,72.0343881283351,100.0,84.85885627431173,38.00080838960222,100.0,82.22217284440954,89.55836305993873,46.61328564970115,76.00864416184375
65.56102514976817,56.015895442278975,98.22189417954012,66.72688393689266,31.630894883965688,100.0,62.44092275591723,69.25549240472279,35.11022404815971,68.36449187449776
73.71075970990657,62.24216685440148,93.4570378705966,66.70313071441532,30.236075020237564,89.89759204345704,68.31270755584255,53.226926394872166,40.19104842768389,70.7631220988404
61.957692995997036,59.3529047565414,57.21783480644392,63.80039189746731,24.106431978549935,75.72306188883307,66.77031065849063,45.60640834494554,26.392867684077803,58.65925336996854
56.98397858420466,55.95451551881067,64.57414548566516,51.21247607695121,22.297185235067538,77.94161898740256,46.53624393028598,43.31981009364984,21.30347643124417,48.716139547584106
56.27395214539571,70.43443445569585,56.59416577726458,46.18233511381884,9.565972514652733,89.69558968640794,47.62936716862804,45.278421923597165,20.16172505218653,39.92647343395231
84.5189874379297,82.07306198230401,61.80601009978648,64.13395089431296,7.060345114706973,77.4693942038481,67.61566043653693,63.59498542935842,34.30431993894642,42.5222424595448
74.27234716242857,71.33218772596759,51.486083566009036,43.14190908531841,7.997726118233073,72.45070991138017,47.43100003891289,55.814721914984716,32.93321258444065,43.44188552073811
65.29418276444189,54.26706429758727,54.01618790347888,58.4125590774531,7.373499021886634,66.36205493654573,37.965394985741824,69.87841341068784,40.46806912182585,51.65056987797278
66.1453248560954,51.25935993354312,55.41456312719882,55.57861927822751,32.28005708555273,68.44125436954887,39.22292002699611,66.12204308949168,29.675700121066473,61.5250410024187
67.34746634956902,60.03980554070902,62.45146858663033,58.81753146564683,27.486572502839955,66.75382052850226,40.36714030345833,57.105323472770564,41.58627673834903,55.442875929331294
56.55605173991972,64.44945739521447,66.41551577830668,61.998037508319115,20.69626778667707,66.87400949628315,37.43473366095884,48.90232653068358,44.72002985126245,56.95882259553119
48.49404099105364,61.00106264919994,80.7068514900358,46.11202790469227,20.85388450236266,53.915469328789726,37.87713440210619,44.676360456585684,36.188573601345084,48.015474629941195
37.99362320163455,41.09156764778975,75.09144705768946,50.06271970517321,24.199768275407322,34.12699414017368,38.68048490313532,42.78813699177944,23.261981565963566,41.533207686334514
61.989112794698656,62.57566085936815,63.76194155360436,78.26660957405757,15.673313907090817,55.08492292084908,56.551455103085985,39.64672573226289,30.582039832037232,43.850408497986756
49.7920352637623,61.635527813298864,52.390086927401725,61.730145867478704,21.706077114822534,47.25050403660893,51.51786840263575,23.767827682980354,18.084357641690943,31.128353135026924
56.50288337677719,65.83967217342561,54.25424745412544,72.98540756121521,30.69002505300986,52.24632464437818,45.78289389996281,41.90943042271644,20.038101281246384,34.55425766444073
39.41598414613699,43.4434284796409,53.3341694738942,55.370436051992264,48.87070569530961,35.07379156259121,30.102850090761883,38.00045199956786,32.03515700659019,31.207228969471025
29.28711042469872,40.89833588457337,49.38419158544397,42.864573574308984,41.55367172198445,25.024171359640306,28.222714824044118,36.6950796428243,25.384789497290775,38.68297992147422
36.811745428657495,45.60891110721929,56.392046822692954,42.27631939098055,35.15658175129254,31.218883700685595,31.251896086703596,29.001205872437495,21.79379529844662,28.65700616336273
38.42235063880408,40.22638907560237,51.24974036359287,35.893996575108794,37.59759230103626,37.32145934718032,29.433459437903924,37.84656424893065,18.929145659559573,19.54926536520306
33.973023997949895,37.42352885705941,51.18877737762876,49.021909584666794,31.336409886305308,28.653506739694087,37.84746225275645,31.54005850417501,36.932175044261655,23.552339216582833
32.658833091574095,49.84304160984112,58.207414716528056,58.76915735439412,13.69990367166324,34.07451889270167,27.947639313057508,27.339835565422796,19.17601906562667,16.072149949363045
47.703152020056876,57.59914766521689,64.85114135675273,50.251751051382996,11.797199310844812,37.729649349086074,45.373662805521704,43.83635091802371,30.922683366223183,18.155506892419933
18.111423781977507,55.29251241136515,44.29435714435067,31.922292895656973,19.071276153082234,35.39168748399252,32.75511786376389,24.97036027861684,21.491596947627098,14.569955949594581
28.114334532327607,58.4514677053004,56.34862647570796,27.861841705318145,24.832898667286777,35.59538789762744,15.761853731097151,9.51128512988509,15.50664551132274,25.165471276142018
34.988889111216174,71.30846266618822,46.80461607239955,35.75429947487609,24.485967431360358,34.44624722546134,26.164786067230203,4.4335430820146655,30.626991051128655,23.257728037141128
37.306999056082475,73.19502140878822,48.87113234364865,40.82259934875348,18.282005930380986,39.19251595324265,35.25419831929728,6.645151885830639,30.101707465077723,22.699500842047136
38.77426375845012,79.12406148382952,49.448234864230066,47.147052417997045,8.033833113362324,38.18595280152106,41.18243172495308,28.110201892985998,32.90748602069911,39.07916352714746
51.61717949538267,67.82461572089957,68.80589318779138,43.154022034707886,3.058893173373135,28.66964848182034,60.577274319599006,34.807672786391265,28.13210015130404,47.45349960467125
67.99735164778245,50.26009878481078,65.48012821596481,44.46909981968507,0.0,45.79770509229288,57.30478473121846,43.35418903781005,48.5114083409157,43.16543397894236
58.25784596295138,53.97258566228681,53.92190543151882,38.14496009493459,4.277213397887712,45.24496873431404,34.08322791827667,26.942656092688,53.00814334910196,41.66072417059885
52.59696011954458,50.91887826876303,60.47036708222462,30.99587357266186,0.0,48.566136344936055,37.1358016281185,33.782635017918984,34.679820977842596,42.583646303245885
49.49251725052801,47.5995248911604,53.26257124575402,26.23948170649992,1.9298488443867683,53.268331849197594,34.799182031738845,22.072672625242074,27.553921331545315,39.71503238482743
47.12970342140345,47.68366492533974,56.25017794032708,41.243012189396886,11.501472852384932,38.74682660937938,26.491624055553764,20.279469927841944,21.521730461966794,25.895538801526847
39.85340037705792,39.39674532238521,51.010090231952894,52.19129516707372,12.483660536190957,59.3209457569526,31.723102190986747,19.608648917693618,21.706523882314254,29.04141720164735
68.90870151567711,41.09030665183079,71.18489424955656,64.3050407163313,3.4261338751458883,75.7306156382466,57.60184999770847,27.779878167689,27.02262290684371,24.152429200920107
70.02097556422451,37.25358696552484,57.35059282842482,62.61704886255272,0.5878907362685961,64.10558721578933,60.68410608110855,19.731622298320918,18.1324620836248,27.878624652835036
80.5346017804821,39.176599351204814,72.9097391107952,60.74555324940715,22.431109341636294,59.48417487292234,75.84666415718372,26.32112470324053,40.51558014872506,40.567865457569745
65.67886842293184,46.47701091453704,76.73782606449043,57.84739574673036,19.25587365710028,62.839995973157635,69.06976188412386,17.864356051569498,28.905174103907207,40.65138644861137
80.97845925436089,58.16326263602305,81.94977994598646,70.42377499663077,15.60707495168772,67.15545721750416,64.52639896195934,20.526122369049908,34.73722756363201,46.809093545173326
68.42099558276745,52.18025323732414,71.99969592869734,59.2976018130021,16.856584421250012,47.92936785139419,56.58495310082477,23.399470069077537,25.104935684481564,40.01621749177857
63.29476578711529,44.45543433481334,84.72181820571178,72.12000158998069,21.6452998357751,72.13188453410577,58.84306365742463,57.975198521274876,25.18089645771315,44.86775696756848
68.27148763196767,56.0189247626314,83.78771968144615,88.39297003672905,23.20659054657464,76.913233058992,55.73869790753823,62.50441463926536,26.62168777276996,42.14337880592874
91.4626165951751,55.48535568669769,72.69139184931093,80.15121939708621,21.784426898938488,83.44936564557914,66.18694369953147,68.50494547795988,23.32907478292801,48.2697764684664
66.7042605538832,40.23901987657562,51.478185132860666,75.64939214734527,22.352034146611615,74.59526016874561,55.39323880876121,59.244541249921575,6.711458850839037,47.38692896748305
81.82009132651434,55.399648513890625,62.326223406136684,72.19847272719767,19.1503362502796,91.79520409208777,75.35862444052037,57.73271429338196,9.903577151351033,49.286652241622896
70.99159008305337,47.707310892289705,65.84811505125073,77.90972625315798,10.866729083749028,92.35096594008779,87.5785683380594,51.87329607674757,16.3469018899739,61.35159075002048
82.32442759966791,71.8591316251955,86.34419201685171,100.0,22.09662382798689,100.0,100.0,73.83512091453088,35.45482570414023,65.48488506144682
65.82863688497031,66.55015465676956,63.74079189766322,92.13263288196117,21.869884824142733,72.99120917276447,93.39983022244171,76.22129144300757,39.42183449350653,65.55390506995448
55.46301808802491,51.416841158064656,74.05496735651876,85.27740777257296,14.926642269761508,77.28533235218259,95.39382723501572,62.37257349376627,35.42517387159959,76.22307973050329
59.08324582817028,44.759006421414455,73.31666157639951,85.11271347662685,19.54509017034346,76.8520453975542,72.47425882831709,63.67282517572343,24.84369800882881,66.46326962700158
67.15318473391167,53.041235204971905,70.53459738331642,72.860181839857,27.803353979644516,80.62513122169437,83.5547698954774,63.758950068251636,16.7446352553558,71.64139301704927
58.464393301852155,41.795289791996495,74.71938340297783,55.60776047973931,19.045836130160236,66.82163743825295,59.842226169566885,53.45519399311735,30.73518913492857,54.109792558980004
48.96325806975376,53.808805766529574,85.69551054005787,64.33141872822999,32.10204823227575,79.97599799886453,72.3772542402347,62.76609906482274,19.987465647860873,51.50857677805089
37.23791613776153,49.96022997001566,81.77640616572262,82.47129373090118,36.22843893910347,75.14356320410354,83.62650794509477,56.15899582059054,33.38543610200987,41.149697791666966
39.17023548892047,42.6128151805636,76.41845167674852,79.98918003132826,27.688670049090412,76.35030193925144,72.4507690954574,58.893219945704345,37.148523988943204,41.972135824740924
37.93074701634234,44.94751837657125,83.70706859416156,76.84871099655064,30.134967125966867,89.84679340628034,66.31905888264166,52.43129349397104,38.27160501197077,29.230614608648644
53.22653390908494,61.72690382398238,93.94369313442874,87.9128215048783,39.56655259633614,100.0,77.6467785211286,60.122415929577414,50.13793199748285,49.34583131456212
47.02609075372632,56.89473774444922,88.89954593445115,84.79739870268591,32.83777534058313,95.04957617633562,69.08595534608867,46.60591649862893,39.66237247799112,44.45738634318739
38.70316578945436,55.472543005287285,89.0512292242667,81.29015052618075,27.81482656294498,96.10425145436943,62.520988801168826,38.21598805685004,35.85844040830407,53.89619620779399
50.637004415897614,43.59291859830028,82.09953988731235,79.56690272727124,27.903800102697147,91.86797302460339,55.079632351731576,41.963671437887385,39.454377063409254,59.1274591413066
51.47730728421684,24.79900234330713,75.84943731959825,73.07328342748735,16.40574519037458,88.25674479593476,58.352570387561855,27.06953964135707,38.84938161078759,48.42065504772542
36.06959401753131,28.961581296736817,65.03387197356047,67.74115144574102,16.12453852543294,71.89296881646544,40.328804091000194,14.425323666600438,29.99771786317577,43.291108469292055
48.32021602193305,33.94126425977649,59.947051341404304,65.97532451431759,18.178337944453393,74.30647270972321,63.047411017080954,19.688629279297928,29.57238715629141,47.83435960667111
38.42211569493973,21.054261164628734,49.763813861886575,49.50227540891399,1.0785909147177097,55.29959698655833,45.934995520148135,24.305496517785663,32.06464500928817,34.0191106847965
29.169307586108403,26.414211711699714,59.862101128637995,61.716022963522676,0.0,67.91258121926144,38.71810931916661,21.700436733361094,37.71608085160332,51.391050811826815
32.580690302366435,13.249741808137273,41.64173596717437,60.255311933805416,0.8917579664108306,52.98451538534206,41.71467216095863,26.06187908943304,42.62583101556454,48.18192620781695
42.19642247168151,25.75185642747098,61.309955984884226,56.34920919575114,30.668995887922197,62.435816896351945,53.16375250890631,39.423796632261016,56.81906074709289,56.144039312245965
52.720095443809484,26.434751431638073,59.23988061928443,43.44890485709772,28.261353853365915,51.91575641751074,51.202880710004315,34.358654982031325,62.35977107814539,65.21153683059396
63.83601672862622,37.020321265297284,81.70049005965068,55.66396814422322,24.679446662660073,74.9970570156415,58.96462278242832,47.51898461563455,43.77063431147601,71.67977351491652
64.53375608460628,52.2040001679878,67.69254341079987,57.56385718898398,15.443077707882882,65.81305200035428,62.845812635857826,45.22238950304211,28.920192580897222,51.84704389236124
57.34088900123202,62.8720998064797,69.93692771715506,35.62889944714364,23.668906420232343,62.70100847679488,40.700806232790676,34.40437749621839,34.238280452619456,47.73226500074574
55.47292199904075,37.37507715245243,60.958549136356645,47.07728811808248,18.779227702199307,51.37054522533033,47.18602151095046,39.53567503462998,40.70576568061307,49.04125171732172
63.276827928099394,45.28595224854183,65.65577012906908,51.68752047424046,9.683818655532209,48.62575185449533,50.240269102837914,45.367427858555814,51.22371641423978,48.86320763016916
63.84362349186324,41.60625454188591,64.62910263833203,47.64426017249161,21.556826863543986,50.29578959274016,37.11105188830377,40.89274096228453,57.70416216778722,42.22526247561201
69.34435994692676,38.34333743849761,73.5732145817311,43.93371951919501,16.484568255632304,66.72181489242499,49.825282621994035,43.44627410848889,55.26979721887547,44.611698677012704
61.478854566339045,29.943795001415804,62.334865928292416,38.40835460870437,0.5404284424548234,46.80782600145664,56.41275767131103,38.0914801094947,34.106903947302726,25.338585069740233
76.7361190361966,37.19774283542655,79.32446526622613,52.31052375327421,10.158413934834654,45.251866110096,69.20514457676725,41.89260370468133,41.50799246511954,26.456580739642725
70.26447472240548,37.88559774796158,75.96694140192436,50.355550731024884,5.740546939594257,59.402073267242066,71.98150410642181,33.55410694181052,42.05353846751252,22.956083562497554
63.69673205396921,19.994883502397627,69.8223315295138,41.966896504307755,2.6470676028124203,50.96371519055859,62.64132290741546,19.390752647411045,39.94959722739071,21.880034916498452
56.91801837286049,37.82316095025371,80.18749335598972,51.23426902397614,0.0,55.092416167089226,65.94715928225219,30.030708957562858,41.67086328628186,28.458859336837392
38.73941400114846,17.652050123264576,65.96677032757547,44.70602055063956,1.488953877279375,30.998156828445865,57.09809580273122,38.872438461348345,34.687054303992014,23.662799177412182
57.44864684562387,17.10397542209327,65.37113842067882,41.07876637599456,0.6579307497344402,36.195791247847154,66.37134458447976,53.21733493896909,36.47947999481378,24.460492288289238
59.127116296741356,27.032099694364344,57.631743441262174,64.72615707669159,17.144176667655785,70.07973721378328,58.890162526778994,69.33258380154246,39.39717078539587,41.463752190659015
57.914324187645356,31.68493567523712,47.21306672630998,58.44379824954622,5.454021695670598,48.9583489861137,43.23164415020183,35.298823044975784,38.37899477756717,43.02080937441477
67.67069813296145,39.88379093986577,64.24094123561817,61.8368588395107,3.0872542861574797,70.95091499521567,54.9102091443557,62.958899834842384,38.56993946658145,40.39600267616931
69.30621412079263,49.7079533778825,75.03727452789774,57.13145761758912,6.889252424557641,66.87071330497969,45.578134051733436,56.121304253301076,48.280356898038235,43.72316092342844
44.60254076487554,58.28909907880841,64.02818038581727,46.34423906480051,3.758532509419494,44.40314402933643,53.563394183294484,42.273581831472484,50.71682984888401,38.28131371819783
49.63119669935017,64.10935358944141,70.99325659692875,56.575246392443155,11.485855547628475,47.23021614457174,71.15391957807694,35.93256913313706,46.18582977406176,40.46289824987285
47.90085725268293,63.62362391732876,69.12662473598661,45.90309295978248,13.465708812068552,42.742358812877214,53.9381950224964,40.34250729673158,46.19253721075046,46.06192991101186
39.113653269687546,52.71709214534447,90.78998712213492,47.16772504627377,21.532038357129444,48.776507683978465,61.37338625827589,42.09539639084186,48.635561872372556,50.22467344370867
37.52739892488836,56.21231240104907,77.3710056248656,57.81623273194214,42.33440665807136,67.1489791261424,69.46818153337357,45.313787181889296,27.998887091552625,39.01870718990638
43.2569403538669,54.586440207295674,81.30456434430498,57.68568158985761,28.412878265392834,74.03162424040315,66.66797882778833,46.96009726308141,25.767462959589892,50.089793198113874
42.560193766123696,56.96304546972918,73.7724467288964,54.815227653381854,28.03494496740792,73.42645562348025,61.03539257577428,44.96603293645093,19.491785027479494,39.358363618306726
74.38295211087318,75.88507548687387,100.0,80.59161190969992,38.975699963537416,100.0,92.56393608319459,69.51578706570578,43.14285289081632,59.32281695088558
76.19116668951912,74.6698457245927,91.1641439503635,86.32908793328411,58.339041529762525,97.71056670865993,88.81248471621068,64.33761111942806,37.70795962411153,71.23566622198553
68.69579467764306,56.387158631698526,81.11162616694047,68.05809672697687,52.05477210920213,100.0,79.95981462884886,47.960539210258716,43.32185348637689,58.78174723417352
72.90674604217648,57.2662964802206,87.1617591053854,82.88760363329932,44.62974072678223,100.0,82.92143645452921,47.5221565681406,47.600107774490475,47.254419539761585
70.47833391590798,55.58765944532224,82.78080566331056,73.60865145028477,44.94086070062669,98.4489945669801,76.46912363126681,51.17700063271168,47.29757532206661,39.915217798871666
66.05614329334628,56.092061357599995,84.00046893576122,59.75485211992864,27.259161286803987,88.29685542114358,67.65900567677107,30.688173123271643,43.28317944271435,22.663767079212516
65.83589561279406,64.06862543812164,60.62043355655469,50.467154010725,21.241997657682965,86.10739204719202,53.158078062985275,22.78510984048185,48.78370311325396,19.43953352744525
62.51245060007548,67.38369068927813,61.89803365874933,56.59926996000947,31.25052690354176,93.31803785832194,64.1483311354556,35.29797030681779,46.48763838796046,36.99842413719856
32.08360643635506,52.16381681116277,57.700003605440365,51.845334877893634,29.28984872316495,78.7422476772781,53.881646631269945,27.368967977418098,38.41842975635193,44.28664817811913
40.178167340485174,54.69562416365831,76.01785094033661,54.719928268415664,33.742297650338045,87.27411563791861,57.154525525388664,33.22193335119849,33.564966339115664,43.14162158243292
50.109306204274006,58.72883635580085,68.64343311076878,52.96992631978837,48.636160337706734,83.36669913988592,55.30831597410666,52.683033952895535,37.00261835721676,50.99111182457201
55.291738054603975,59.56611461928693,64.10947865569364,61.26534532502731,44.0301027577234,100.0,63.625749421194755,38.18134473075149,36.44946657984033,75.84297010019185
51.034942706757924,64.2978063376994,61.782681707021396,53.25307484175839,35.028667955663096,93.63374563197824,49.57018509123087,33.559043239299356,36.38016225476808,65.48316003268968
36.00425750877734,62.819650545287224,47.13943481364124,64.2613583789774,14.139887972305084,68.49842846786689,49.8618735276572,44.77233517755462,35.47461284149217,60.0586064409426
31.32717385778617,54.66827425219155,41.38504130387696,52.22315088042874,17.717946047400606,55.76864701131362,53.78535933494186,32.96706925659536,35.9485840479417,50.38766566392555
43.721655725817556,66.70147644049412,45.85623125321021,58.97022095162855,11.491898856918672,57.650339154391446,56.35971044099441,33.862084252095634,26.51837070425374,39.4386097049135
35.12750365779935,64.7059922745987,35.8796790065393,46.05326438871294,24.79416186315874,50.769998525513394,56.94881664771383,39.69869357577913,30.072490364474408,25.01027600881941
26.25784315100263,80.50636025949848,30.633015315433425,41.41933018628957,13.388848953488347,40.52856540958882,67.87737833473592,60.5789657927736,25.627872742567583,18.479241501866127
31.078878409545876,68.0787760353767,34.70424602168203,48.239645970914495,15.27064710775477,48.52880613769247,61.75866140462492,46.34149739170512,30.169490962398463,23.870769463573865
40.12645985626331,49.35194428012013,27.593954196482336,42.62971466508968,6.390661227754432,53.47931195094374,59.98609996272707,51.23025433645517,32.74346760115516,28.656885045872894
44.14374594655351,48.42269657299435,46.71037030996139,45.962058410347254,6.531647212859454,43.97276976157406,61.773855762096716,56.039641474457525,31.20755565980415,41.423997633949696
42.13226026585412,45.139789068053354,41.950732023888975,66.29751925944781,5.691931434667099,40.82125001997904,56.85675417977304,32.190249809781,21.44267853051215,46.2519904542072
38.43694173778308,57.25004539856158,59.97996316865353,69.45817748848323,4.323445295608202,44.59600490084715,50.5685841331997,27.534318156985265,14.595950848596171,39.82713735754344
30.526765787963527,57.32849151282141,64.75922839488196,82.24756172838217,1.482879967222022,52.84307325638007,56.08747517170665,31.153262697503575,24.41298520867541,47.11331293890254
35.59420140533163,53.15709009199797,54.74324601612839,70.80767907203573,0.9793162168176011,46.6224533684444,61.08120613511545,45.67768380571394,18.914076689873504,48.81507647355663
49.136061258222824,53.630468884233835,75.14991663818293,72.99247515564429,16.16714983706753,62.15814593130854,65.81156319367669,46.32264806341723,27.010962484637012,61.468496164430356
71.91674014891616,66.7691626033306,73.48973631050737,70.29058954513008,21.24987194801706,58.4711507710081,76.35374088317559,52.017920542851776,31.1658269575984,64.00908229529651
69.2540336576965,62.788783734757615,85.02684477211349,77.30619379877407,19.008693387777118,60.0541263503466,74.00015534724734,54.1101999025636,21.325710725251074,46.675844156912646
59.71764552142441,55.5946769168681,88.31075926227908,74.34049198792773,19.974263113470613,53.82902686025307,68.57941395881006,59.31568487488294,28.85384845710651,41.07998240083188
71.38898846841411,51.00044318365101,71.30294213480515,65.23324706265244,18.333008384081168,48.77216440564368,60.72595733161424,38.535526299443035,19.611463249372182,37.110711129499414
64.74213237174216,51.40121807400775,73.8153212075342,74.6470801769321,17.726104643075946,59.1769060992979,58.56138697107307,48.15914665771442,26.46507069021412,47.77077319928657
74.58191753904492,56.067462160211065,82.5599004462398,87.63141001248887,15.059320093502743,64.05591826005221,68.00520672467722,58.91441538695233,23.95586087446871,51.44150558803579
55.813195721357225,56.32045740037484,82.72341545288228,84.32290536036996,28.71266614196631,59.70963895784997,63.84171400846153,38.93662520844936,23.40208989809582,49.30697332773937
61.8320580462192,60.00568909935043,76.20188738093088,72.82890582320569,32.480234862556095,57.00791110318544,53.04476390316395,23.922914671374997,20.235995468979738,51.7662284025633
59.64519978321342,51.805956333438495,63.076435900769454,74.41898549512828,15.183157917115073,61.62903244806527,60.948422348240484,33.027830567310986,22.812415735858654,54.5456532114607
54.19291197403861,68.6653670875613,64.07295072118086,80.03894791066554,0.0,75.19287282484474,75.01587948095485,39.35880262871754,30.441001545267312,57.6913371436967
